<?xml version="1.0" encoding="UTF-8" ?>
<!-- Mybatis的核心配置文件 -->
<!DOCTYPE configuration
        PUBLIC "-//mybatis.org//DTD Config 3.0//EN"
        "http://mybatis.org/dtd/mybatis-3-config.dtd">

<configuration>

    <!-- 配置类路径别名 -->
   <typeAliases>
       <package name="com.xty.pojo"/>
   </typeAliases>

    <environments default="development">

        <!-- 配置环境 -->
        <environment id="development">
            <transactionManager type="JDBC"/>
            <!-- 配置数据源 -->
            <dataSource type="POOLED">
                <property name="driver" value="com.mysql.cj.jdbc.Driver"/>
                <property name="url" value="jdbc:mysql://localhost:3306/dahua"/>
                <property name="username" value="root"/>
                <property name="password" value="123"/>
            </dataSource>
        </environment>

        <environment id="test">
            <transactionManager type="JDBC"/>
            <!-- 配置数据源 -->
            <dataSource type="POOLED">
                <property name="driver" value="com.mysql.cj.jdbc.Driver"/>
                <property name="url" value="jdbc:mysql://192.168.1.22:3306/dahua"/>
                <property name="username" value="root"/>
                <property name="password" value="123"/>
            </dataSource>
        </environment>

    </environments>



    <!-- 配置 Sql映射xml文件 -->
    <mappers>
        <mapper resource="com/xty/mapper/UserMapper.xml"/>
        <mapper resource="com/xty/mapper/GoodsMapper.xml"/>
        <mapper class="com.xty.mapper.BookMapper"/>
    </mappers>

</configuration>